customer_id,annual_income,loan_amount,loan_purpose,credit_score,transaction_count,spending_ratio,join_date,default_flag
CUST100001,513968.72,298514.38,Other,631.21,49,31.16,2019-11-12,1
CUST100002,,300776.56,Education,,51,54.54,2024-01-20,0
CUST100003,1021614.47,148211.5,Other,680.14,41,16.46,2022-01-06,0
CUST100004,351832.2,227458.78,Education,590.62,54,15.89,2020-06-14,0
CUST100005,657195.96,413843.75,Education,649.94,54,29.01,2025-07-30,0
CUST100006,1952914.33,1093881.58,Car,705.2,44,22.84,2024-02-03,0
CUST100007,881332.45,544879.47,Car,596.97,38,27.31,2020-10-23,0
CUST100008,832879.29,714613.44,Education,755.18,46,31.5,2022-07-19,0
CUST100009,1805325.66,141758.15,Education,762.52,38,49.45,2022-05-04,0
CUST100010,1289590.01,108115.99,Home,599.07,41,28.78,2019-05-07,1
CUST100011,886951.91,181345.2,Car,768.25,48,23.57,2019-12-15,0
CUST100012,547888.94,411490.78,Home,670.67,45,29.57,2023-11-02,0
CUST100013,641939.13,315726.3,Other,707.2,42,24.2,2021-12-03,0
CUST100014,625002.24,375846.91,Education,647.72,39,22.35,2020-12-28,1
CUST100015,521228.39,153656.27,Business,740.0,42,16.14,2019-09-01,0
CUST100016,730400.08,553848.06,Other,825.0,32,36.19,2024-08-18,0
CUST100017,788303.84,598245.82,Business,627.08,42,26.64,2023-11-21,0
CUST100018,,193673.57,Other,604.26,36,55.65,2020-12-12,0
CUST100019,1594946.92,538668.1,Car,585.08,31,17.47,2019-03-27,0
CUST100020,814326.18,179644.93,Home,692.22,43,26.98,2023-02-17,0
CUST100021,562528.46,215277.51,Car,717.21,42,83.56,2019-09-28,0
CUST100022,734080.83,357839.41,Education,722.31,43,22.29,2023-12-03,0
CUST100023,1084284.12,98527.91,Other,672.33,36,31.24,2021-11-09,0
CUST100024,290120.06,218128.82,Education,604.8,42,19.53,2024-12-17,0
CUST100025,613505.34,198348.53,Car,635.67,41,18.32,2021-04-17,0
CUST100026,338577.05,250516.65,Business,754.9,46,73.56,2023-11-12,0
CUST100027,2802660.61,1515151.51,Education,648.5,36,37.99,2021-07-25,0
CUST100028,701327.3,68205.12,Home,689.32,52,37.32,2022-08-26,0
CUST100029,340090.67,240557.55,Education,610.08,49,15.5,2024-01-07,0
CUST100030,4000000.0,1563431.13,Other,701.88,39,41.58,2023-07-09,0
CUST100031,484037.38,80976.36,Business,650.25,44,61.0,2025-11-25,0
CUST100032,579391.5,428487.66,Education,748.04,43,60.77,2025-07-13,0
CUST100033,602889.14,79539.79,Car,730.28,34,48.24,2019-11-15,0
CUST100034,407727.14,123587.56,Home,647.78,41,20.35,2023-03-17,0
CUST100035,744725.71,118126.32,Education,671.77,43,40.68,2021-11-14,0
CUST100036,192686.65,38257.69,Business,644.18,48,48.22,2019-05-23,0
CUST100037,1181117.7,369331.08,Car,587.74,42,14.79,2023-09-29,0
CUST100038,349561.56,24207.45,Home,624.27,31,20.43,2022-03-18,0
CUST100039,,297486.58,Other,692.88,59,53.61,2023-09-13,1
CUST100040,982704.22,80891.36,Business,701.14,47,53.3,2025-11-23,1
CUST100041,580865.25,299319.49,Business,,39,16.64,2019-12-29,0
CUST100042,594084.22,60816.8,Home,660.39,44,51.26,2020-10-11,0
CUST100043,372534.54,86516.92,Home,740.65,31,36.64,2025-03-06,0
CUST100044,2058183.1,805701.77,Home,684.13,47,50.92,2020-07-02,0
CUST100045,870691.46,662987.48,Education,,41,25.81,2022-02-09,0
CUST100046,358325.09,101749.1,Home,,45,47.7,2019-09-20,0
CUST100047,716926.06,438373.15,Business,425.04,31,52.48,2022-04-16,1
CUST100048,344662.25,110590.49,Other,698.45,43,29.57,2021-02-04,0
CUST100049,1676226.18,1158042.86,Car,587.39,36,35.3,2024-08-10,0
CUST100050,725436.28,20000.0,Education,666.19,35,25.64,2025-01-04,0
CUST100051,380095.21,137966.21,Business,660.36,42,77.33,2021-05-25,0
CUST100052,953984.35,564098.06,Other,783.18,34,33.04,2024-02-03,0
CUST100053,557816.88,124418.33,Other,706.0,40,22.48,2022-02-26,0
CUST100054,320040.2,214540.5,Home,690.78,47,24.82,2024-04-06,0
CUST100055,801550.4,173074.08,Home,734.4,44,37.2,2020-09-20,0
CUST100056,789212.31,721171.36,Business,703.95,43,50.25,2023-03-06,0
CUST100057,1215275.23,618094.83,Business,650.25,48,18.43,2023-09-21,0
CUST100058,673473.95,230219.99,Home,749.65,44,84.96,2020-10-14,0
CUST100059,14220862.78,2072936.06,Education,607.87,50,40.59,2024-07-29,1
CUST100060,709844.22,198736.03,Business,701.01,47,43.78,2022-02-02,1
CUST100061,,1251159.8,Home,,39,33.4,2020-04-10,1
CUST100062,548085.84,238506.22,Other,693.26,42,35.33,2021-02-02,0
CUST100063,841488.71,444352.98,Home,692.54,48,32.6,2021-10-16,0
CUST100064,912494.78,749347.15,Business,788.97,49,57.05,2021-07-17,0
CUST100065,787882.88,180295.87,Education,,46,34.87,2022-10-13,0
CUST100066,536799.59,233815.84,Car,640.94,43,50.58,2020-11-05,0
CUST100067,694578.07,466141.17,Business,,44,28.42,2021-10-05,0
CUST100068,617365.11,146606.96,Business,701.8,49,38.45,2022-05-11,0
CUST100069,1909388.02,310067.5,Other,691.72,41,23.79,2023-06-24,0
CUST100070,505325.25,266976.68,Car,617.85,41,62.76,2019-10-08,0
CUST100071,393489.42,132204.6,Business,,47,23.46,2022-07-04,0
CUST100072,647786.67,458043.02,Education,760.93,41,29.94,2019-11-20,0
CUST100073,623150.68,33916.61,Education,676.65,36,30.09,2023-08-13,1
CUST100074,724322.18,545012.33,Other,704.4,35,29.53,2021-12-21,0
CUST100075,8188961.32,921684.11,Home,672.51,39,49.51,2025-02-12,0
CUST100076,690680.8,314768.96,Car,603.1,34,30.06,2020-06-25,1
CUST100077,698025.92,347858.82,Education,740.7,32,68.34,2022-08-20,0
CUST100078,1069842.47,142473.3,Home,712.71,32,23.63,2023-12-16,0
CUST100079,,122362.21,Other,829.87,43,37.96,2020-09-30,0
CUST100080,687686.89,475692.87,Business,613.99,40,24.12,2020-03-11,0
CUST100081,863473.21,662052.6,Education,733.47,32,42.84,2025-03-10,0
CUST100082,1047521.99,305217.24,Business,594.75,42,34.73,2022-11-30,1
CUST100083,378399.56,182135.0,Education,690.23,47,32.49,2021-08-19,0
CUST100084,326423.64,128419.39,Education,743.47,44,61.92,2022-03-03,0
CUST100085,1651577.48,249658.51,Home,545.31,46,25.57,2021-07-05,0
CUST100086,957392.89,541578.98,Car,666.68,34,46.38,2025-10-04,1
CUST100087,576116.39,478261.65,Home,643.39,44,24.2,2025-06-24,0
CUST100088,657081.74,239133.4,Business,634.37,53,36.95,2025-02-13,0
CUST100089,523775.64,379183.51,Education,705.04,62,19.72,2023-02-08,1
CUST100090,730096.53,153476.9,Car,752.84,43,25.47,2025-01-18,0
CUST100091,380871.45,279659.65,Education,671.34,42,33.65,2019-05-09,0
CUST100092,1031804.21,445149.2,Home,693.36,44,83.63,2019-10-31,0
CUST100093,715850.78,310455.08,Other,687.43,47,36.74,2021-07-05,0
CUST100094,15517425.09,6754321.44,Home,680.12,47,77.45,2022-03-31,0
CUST100095,397543.38,66275.79,Other,609.19,36,38.9,2021-07-10,0
CUST100096,867243.04,602771.13,Education,752.05,31,29.07,2021-11-25,0
CUST100097,402597.76,211181.21,Education,,38,73.28,2022-06-04,0
CUST100098,444206.43,128912.09,Car,705.67,42,43.17,2025-01-07,0
CUST100099,682091.91,444008.82,Other,627.58,35,25.71,2020-08-15,0
CUST100100,2581187.67,885344.9,Car,650.15,41,43.87,2024-09-25,0
CUST100101,714282.64,483493.89,Education,668.55,43,30.41,2021-07-28,0
CUST100102,158243.01,55413.31,Other,580.28,47,13.47,2025-03-28,0
CUST100103,456503.61,35048.38,Other,,47,54.85,2023-04-12,0
CUST100104,946738.93,325308.04,Education,640.95,52,59.2,2021-09-28,0
CUST100105,349435.45,285178.14,Other,713.96,38,84.57,2025-01-21,0
CUST100106,,644623.5,Business,637.55,38,42.86,2023-05-30,0
CUST100107,709332.0,287394.16,Home,613.78,42,31.06,2023-06-16,0
CUST100108,1121253.26,61724.92,Car,627.05,42,52.26,2023-05-17,1
CUST100109,477996.11,166785.16,Car,650.4,37,52.63,2022-01-08,0
CUST100110,457941.39,381137.44,Car,657.0,42,76.84,2024-12-27,0
CUST100111,886884.0,614126.17,Business,820.76,33,34.26,2025-09-13,0
CUST100112,647314.17,170189.57,Education,748.55,40,32.33,2024-05-09,0
CUST100113,626131.13,23108.63,Home,746.61,40,24.83,2019-05-10,0
CUST100114,1540566.97,1027207.39,Other,755.96,38,45.3,2025-10-29,0
CUST100115,,209320.32,Car,615.08,44,16.65,2019-01-29,0
CUST100116,217568.71,91626.67,Other,,46,50.8,2022-05-10,0
CUST100117,1008742.55,121675.1,Other,608.05,41,46.41,2022-06-14,0
CUST100118,954707.68,456529.01,Other,766.74,37,46.35,2023-06-20,0
CUST100119,1247221.52,591961.77,Business,644.43,43,37.4,2021-03-09,0
CUST100120,,217991.38,Home,598.66,44,73.05,2022-09-24,0
CUST100121,777136.16,222740.15,Education,651.99,41,53.19,2022-11-23,1
CUST100122,691158.29,462849.99,Home,664.49,29,26.15,2025-05-25,0
CUST100123,383858.83,147155.95,Car,697.45,49,26.38,2019-04-10,0
CUST100124,1094107.21,834632.09,Education,,35,22.95,2024-04-23,0
CUST100125,569137.5,227926.81,Home,626.17,44,45.6,2020-02-26,1
CUST100126,1225341.89,589264.22,Other,724.57,48,21.66,2020-11-24,0
CUST100127,431988.96,177382.79,Other,638.45,42,58.87,2020-12-06,0
CUST100128,291095.2,55883.41,Car,669.84,42,66.05,2019-01-18,0
CUST100129,568818.25,268078.68,Education,724.64,52,22.95,2025-11-23,0
CUST100130,738428.75,426368.92,Education,638.28,40,32.02,2021-10-27,0
CUST100131,484522.86,188089.79,Other,642.99,44,35.28,2025-10-02,0
CUST100132,120484.5,71164.86,Business,718.46,42,53.5,2020-01-15,0
CUST100133,,737500.9,Car,624.25,43,75.78,2019-04-24,1
CUST100134,,421616.39,Car,654.99,48,15.59,2023-06-08,0
CUST100135,948530.9,674699.77,Car,716.12,47,30.04,2021-04-30,0
CUST100136,527264.08,74196.54,Other,813.52,35,30.8,2024-03-11,0
CUST100137,511677.18,24501.27,Home,719.35,36,17.87,2021-09-02,0
CUST100138,1435328.95,251543.61,Home,710.72,47,27.73,2025-11-21,0
CUST100139,273280.79,221382.85,Other,714.5,48,42.98,2019-04-03,0
CUST100140,,104202.36,Other,610.24,41,30.62,2023-02-24,0
CUST100141,702916.69,544258.55,Other,687.51,41,16.68,2022-01-30,0
CUST100142,907128.73,132617.78,Education,678.07,45,139.06,2020-05-07,0
CUST100143,713615.51,302707.6,Business,700.9,48,39.77,2023-02-17,0
CUST100144,391457.29,566200.29,Education,687.57,45,36.93,2025-12-01,1
CUST100145,1235412.29,319983.68,Home,704.68,37,20.66,2024-07-28,0
CUST100146,650682.26,325507.95,Education,659.75,38,39.67,2019-06-16,0
CUST100147,,119895.11,Home,683.81,48,32.35,2019-05-20,0
CUST100148,729252.12,147625.59,Car,600.19,43,14.14,2019-04-04,1
CUST100149,844187.51,116166.2,Other,659.21,53,20.94,2020-07-29,0
CUST100150,1910999.22,699640.25,Car,770.4,45,51.26,2020-08-28,0
CUST100151,813857.76,401791.36,Other,700.72,36,88.99,2023-12-24,0
CUST100152,287682.75,185071.44,Car,678.64,37,41.75,2022-03-01,0
CUST100153,293294.33,201049.24,Car,803.25,39,59.43,2020-08-06,0
CUST100154,1298886.41,367368.59,Education,591.55,60,32.48,2021-03-26,0
CUST100155,417978.8,43896.24,Business,607.89,46,33.58,2024-04-11,0
CUST100156,277189.89,171574.61,Education,791.33,36,59.09,2023-03-16,0
CUST100157,1126931.06,942111.54,Other,682.99,39,77.75,2021-08-20,0
CUST100158,500354.91,157026.83,Home,664.23,44,65.36,2021-12-11,0
CUST100159,1094256.09,403202.19,Other,602.05,48,20.98,2024-08-09,1
CUST100160,393026.34,262190.1,Home,709.1,51,33.89,2022-08-06,0
CUST100161,1462012.44,1069085.2,Other,715.39,40,39.99,2020-03-21,0
CUST100162,,282079.2,Car,,46,30.9,2025-04-03,0
CUST100163,12106833.5,3210023.2,Business,,30,42.16,2023-02-23,0
CUST100164,,20301.13,Business,658.19,48,51.9,2021-12-03,0
CUST100165,2309560.41,235541.54,Home,696.64,38,56.64,2021-05-31,1
CUST100166,579032.22,196734.02,Other,607.25,33,78.62,2021-07-25,0
CUST100167,,222715.96,Home,761.38,37,29.88,2024-05-02,1
CUST100168,1393316.16,729832.36,Home,739.53,35,18.19,2025-08-03,0
CUST100169,1093501.58,145174.0,Business,656.39,43,41.57,2023-03-30,0
CUST100170,1245771.71,87190.1,Home,665.93,43,86.45,2020-04-06,0
CUST100171,,214389.02,Home,671.13,53,27.84,2019-04-11,1
CUST100172,1829050.84,605011.05,Education,629.41,39,48.67,2025-05-04,0
CUST100173,316123.31,166253.51,Business,651.18,34,48.88,2020-02-12,0
CUST100174,479788.38,70441.25,Home,662.43,44,38.37,2025-11-20,0
CUST100175,805453.67,157469.94,Education,784.84,31,35.12,2023-10-06,0
CUST100176,1235750.31,473279.17,Business,,40,22.47,2019-09-16,1
CUST100177,6475157.29,2595237.18,Other,740.75,41,11.71,2020-05-23,0
CUST100178,,267112.3,Other,704.05,43,20.53,2023-08-18,0
CUST100179,500516.74,295190.39,Business,607.37,52,29.02,2019-11-05,0
CUST100180,,172572.99,Business,677.3,36,59.27,2020-09-16,1
CUST100181,989688.42,618443.89,Car,743.08,34,33.31,2024-11-27,0
CUST100182,401811.98,205336.82,Home,598.21,38,27.28,2020-11-09,0
CUST100183,395291.79,252828.11,Business,721.38,43,22.82,2022-07-07,0
CUST100184,15434829.12,12420472.69,Other,830.97,38,47.97,2023-08-08,0
CUST100185,448721.91,124180.77,Business,749.02,56,67.18,2021-01-11,0
CUST100186,1145257.6,801865.1,Home,,29,58.31,2021-06-25,0
CUST100187,826025.08,286545.49,Education,694.19,34,46.82,2019-09-25,0
CUST100188,883379.9,365557.21,Education,742.92,44,17.24,2024-07-23,0
CUST100189,722263.96,503832.65,Business,,41,29.56,2021-07-28,1
CUST100190,741219.09,524869.09,Business,731.73,40,89.13,2021-03-21,0
CUST100191,272318.62,123652.16,Education,722.54,48,59.97,2022-04-15,0
CUST100192,1006036.24,469421.39,Home,698.84,41,16.73,2024-11-21,0
CUST100193,476781.13,127817.26,Other,765.54,39,34.08,2022-06-13,0
CUST100194,638254.39,425604.13,Business,644.98,39,41.66,2022-01-21,0
CUST100195,501060.7,380977.41,Home,667.84,46,24.28,2025-02-26,0
CUST100196,704298.11,20000.0,Car,686.21,44,11.55,2024-01-09,1
CUST100197,890848.18,364341.71,Other,613.08,46,36.7,2021-06-17,0
CUST100198,373195.38,302541.1,Other,694.75,50,23.98,2021-07-13,0
CUST100199,746939.68,358074.79,Car,568.27,41,24.03,2023-11-26,1
CUST100200,507766.12,211028.82,Home,748.05,54,29.52,2021-11-24,0
CUST100201,1344496.25,987464.63,Home,683.03,53,32.82,2020-11-18,0
CUST100202,352104.64,152750.11,Car,646.14,37,34.85,2023-01-21,0
CUST100203,374498.73,95180.46,Education,625.77,42,22.9,2023-02-03,1
CUST100204,533366.47,373766.12,Education,664.75,42,31.49,2024-05-12,0
CUST100205,390671.99,119485.92,Business,724.74,37,15.06,2021-02-26,0
CUST100206,574536.03,368197.45,Business,715.6,53,40.64,2020-02-03,0
CUST100207,486207.43,20000.0,Home,634.14,44,8.88,2024-12-04,0
CUST100208,682388.52,147142.68,Home,625.01,42,30.46,2019-12-28,0
CUST100209,1131627.32,233664.75,Car,722.7,35,54.41,2019-07-23,0
CUST100210,675988.56,556719.9,Home,633.05,34,21.05,2025-10-27,1
CUST100211,710712.06,448037.41,Home,,30,49.36,2020-12-27,0
CUST100212,363378.48,105327.69,Business,688.04,47,60.95,2024-07-31,1
CUST100213,603797.94,20000.0,Business,700.28,54,7.15,2023-06-29,0
CUST100214,515433.04,212999.75,Business,735.79,43,32.55,2023-05-24,0
CUST100215,945652.24,457981.54,Business,597.91,40,8.8,2021-02-05,0
CUST100216,426861.89,20000.0,Business,555.77,35,33.07,2022-06-08,0
CUST100217,404888.53,223498.95,Business,643.12,51,34.88,2022-05-11,0
CUST100218,773989.59,391644.25,Car,797.1,45,10.63,2025-08-06,0
CUST100219,1931455.31,1314288.27,Other,811.44,41,88.17,2020-01-30,0
CUST100220,590046.07,370539.42,Home,799.03,34,40.15,2019-09-05,0
CUST100221,713003.97,271836.68,Home,667.46,56,23.29,2021-07-02,0
CUST100222,1094862.85,324193.13,Car,564.16,42,70.72,2022-11-20,0
CUST100223,860419.02,525616.08,Other,527.7,41,14.78,2023-12-24,1
CUST100224,863536.42,1556839.78,Other,640.09,48,19.4,2019-12-22,1
CUST100225,616844.22,144380.27,Business,667.13,50,11.61,2019-08-29,0
CUST100226,623480.83,389538.79,Education,764.54,40,83.08,2024-03-25,0
CUST100227,429078.84,124443.69,Education,736.41,40,41.05,2025-03-26,0
CUST100228,849355.35,52146.26,Other,694.78,53,48.03,2020-09-12,0
CUST100229,838762.26,54552.82,Business,622.16,39,40.44,2023-04-12,0
CUST100230,964310.03,648025.16,Other,,45,46.1,2021-05-04,0
CUST100231,496962.67,241022.41,Car,696.52,43,36.34,2025-05-03,0
CUST100232,1026126.47,720198.39,Car,725.31,47,39.86,2025-03-17,0
CUST100233,1212338.59,243642.97,Other,705.47,45,36.86,2022-01-10,0
CUST100234,333384.14,91569.29,Home,612.75,48,26.13,2022-09-12,0
CUST100235,552079.71,203077.1,Other,722.29,43,34.23,2021-11-26,0
CUST100236,1240457.24,952543.88,Education,707.68,41,39.91,2020-01-17,0
CUST100237,454735.86,20000.0,Other,610.41,21,36.91,2024-04-19,0
CUST100238,869389.94,268685.32,Car,629.02,30,17.22,2024-09-17,0
CUST100239,653073.16,35717.48,Business,724.75,42,18.35,2022-02-06,0
CUST100240,779736.46,599382.73,Education,664.76,32,58.86,2025-10-12,0
CUST100241,664113.67,344635.59,Education,783.29,38,30.2,2024-09-10,0
CUST100242,979817.57,426480.58,Education,712.57,45,46.34,2021-08-02,0
CUST100243,370605.42,1059570.37,Other,648.37,39,20.72,2023-10-11,0
CUST100244,393328.28,381711.43,Business,679.34,37,17.26,2019-04-16,0
CUST100245,1454554.31,1183841.42,Car,684.12,36,23.35,2025-12-04,0
CUST100246,2063527.48,1306078.38,Other,632.65,48,31.45,2019-07-25,0
CUST100247,648065.44,316987.06,Car,620.68,35,25.43,2021-04-14,0
CUST100248,1669648.97,317154.65,Car,725.59,49,65.13,2019-03-30,0
CUST100249,,324023.38,Home,734.94,39,38.15,2021-12-08,0
CUST100250,485218.9,195584.88,Other,719.25,33,85.02,2021-06-14,0
CUST100251,1448944.29,385253.58,Car,778.5,30,42.5,2023-05-16,0
CUST100252,1011541.77,316781.71,Car,644.78,40,10.99,2022-04-09,0
CUST100253,1572634.11,1291999.93,Other,788.83,27,58.1,2019-05-23,0
CUST100254,841072.65,272475.01,Business,621.44,47,16.96,2019-07-26,0
CUST100255,372438.54,170356.01,Home,614.18,46,39.1,2024-08-14,0
CUST100256,735051.02,611246.12,Business,565.6,40,24.13,2019-07-30,0
CUST100257,,563545.38,Other,651.02,57,97.89,2019-01-29,0
CUST100258,604237.9,270672.58,Home,647.26,42,69.85,2022-04-28,0
CUST100259,555258.59,476921.94,Business,714.19,45,24.51,2019-07-07,0
CUST100260,848179.03,726654.97,Education,695.85,45,32.92,2024-02-04,1
CUST100261,477824.69,335618.56,Business,602.46,47,39.36,2022-03-19,0
CUST100262,764710.73,420354.46,Education,654.47,41,52.97,2024-07-25,1
CUST100263,673102.87,249274.04,Business,655.85,41,35.49,2022-10-21,1
CUST100264,496331.68,363495.93,Home,564.56,42,21.4,2019-06-06,0
CUST100265,1114741.52,380526.32,Business,616.24,38,24.8,2024-10-28,0
CUST100266,927289.42,615437.43,Home,629.9,39,34.92,2024-03-06,0
CUST100267,535099.94,411506.92,Education,773.19,31,63.3,2022-07-20,0
CUST100268,644673.29,350305.73,Home,692.44,38,42.98,2023-10-08,0
CUST100269,559907.05,457836.23,Business,723.04,43,24.15,2023-12-19,1
CUST100270,457472.22,291920.19,Car,582.59,35,47.78,2019-08-20,0
CUST100271,255423.78,133764.6,Education,757.62,42,29.07,2019-06-09,0
CUST100272,498133.0,245058.61,Car,764.57,45,53.66,2019-12-10,0
CUST100273,461165.62,94636.17,Business,550.11,42,117.72,2019-07-24,0
CUST100274,692398.91,291710.02,Education,634.15,42,29.46,2019-11-01,1
CUST100275,,250556.09,Business,712.22,46,51.42,2022-10-15,0
CUST100276,,123255.63,Home,721.89,43,24.47,2020-02-04,0
CUST100277,798229.31,535502.0,Home,635.9,46,33.16,2024-11-23,0
CUST100278,384151.57,247453.57,Education,660.14,44,35.5,2025-07-17,1
CUST100279,606716.41,211537.66,Other,641.17,42,31.89,2021-09-12,0
CUST100280,466679.09,268320.28,Home,687.18,46,114.16,2023-12-11,0
CUST100281,979819.0,502704.29,Home,757.82,46,30.21,2021-08-09,0
CUST100282,693116.13,556790.65,Home,629.88,38,46.39,2022-12-15,0
CUST100283,611784.44,241138.54,Business,,52,13.86,2024-09-27,0
CUST100284,460855.71,271005.09,Car,,29,43.06,2019-07-25,1
CUST100285,542457.45,414837.55,Business,624.9,33,60.55,2022-05-26,0
CUST100286,1777486.93,690661.95,Home,733.21,45,27.17,2024-01-16,0
CUST100287,,394222.92,Home,739.93,48,10.49,2022-12-30,0
CUST100288,846107.29,771193.67,Car,735.34,40,34.36,2022-09-07,0
CUST100289,610951.08,489915.22,Education,594.47,47,35.29,2019-08-19,1
CUST100290,832910.58,273882.23,Business,649.71,51,49.55,2023-02-19,0
CUST100291,1029994.86,416559.99,Home,733.49,34,91.89,2021-06-01,0
CUST100292,535009.33,383149.37,Other,682.7,50,29.16,2025-05-20,0
CUST100293,960397.97,375987.98,Car,610.21,38,23.2,2023-02-18,0
CUST100294,2960531.45,1603614.5,Business,709.79,39,19.99,2025-05-12,0
CUST100295,888131.09,163955.98,Education,633.54,37,38.49,2020-03-08,0
CUST100296,1578834.46,294076.23,Home,,52,44.05,2022-04-23,0
CUST100297,846870.39,317244.61,Business,780.41,35,26.94,2025-03-13,0
CUST100298,389316.82,231208.78,Business,719.27,35,50.86,2024-11-14,0
CUST100299,756425.51,149547.33,Car,,43,43.76,2022-02-16,0
CUST100300,541997.44,277927.59,Education,684.21,42,35.73,2025-08-09,0
CUST100301,468344.89,198235.22,Car,729.75,35,22.7,2023-12-23,0
CUST100302,624561.93,390871.79,Business,776.05,45,27.77,2021-10-04,0
CUST100303,596965.8,336333.86,Car,695.96,45,10.9,2020-09-09,0
CUST100304,362858.76,160232.89,Business,663.41,39,39.19,2020-02-01,0
CUST100305,2883113.99,1184573.71,Home,569.2,40,35.45,2025-11-10,0
CUST100306,1013638.25,231567.64,Home,674.6,45,38.31,2019-11-14,0
CUST100307,743513.56,257672.71,Car,733.52,39,44.59,2025-08-26,0
CUST100308,682939.6,375734.61,Home,741.47,33,42.12,2024-12-29,0
CUST100309,1259240.58,519710.39,Education,712.78,47,33.19,2020-04-01,0
CUST100310,,770882.49,Home,644.82,43,35.83,2020-05-15,1
CUST100311,947445.41,550343.65,Business,551.51,33,17.84,2019-11-19,1
CUST100312,694803.0,168099.89,Home,647.81,46,26.45,2021-09-26,0
CUST100313,1461073.33,1147463.7,Business,660.22,33,35.86,2025-05-04,1
CUST100314,702938.88,20000.0,Education,659.66,45,24.59,2025-12-09,0
CUST100315,825835.42,626064.62,Other,720.21,39,52.89,2021-05-27,1
CUST100316,1127241.04,554481.82,Other,809.07,35,25.51,2020-11-09,0
CUST100317,525530.82,262666.69,Other,688.03,40,38.83,2024-08-23,0
CUST100318,,20000.0,Business,665.91,46,37.01,2021-09-30,0
CUST100319,511669.16,148803.08,Car,663.15,38,50.08,2019-06-04,0
CUST100320,994383.43,302899.65,Business,688.09,49,53.93,2019-04-11,0
CUST100321,956590.46,227237.98,Other,626.16,39,48.84,2021-12-02,0
CUST100322,1360273.31,736469.36,Home,687.81,31,12.74,2022-08-27,0
CUST100323,522547.19,149946.58,Education,709.3,41,62.09,2020-09-12,0
CUST100324,1550730.28,1072293.44,Home,693.63,37,72.85,2023-06-17,0
CUST100325,719646.18,164854.64,Education,709.74,33,27.77,2021-10-11,0
CUST100326,906326.49,527315.21,Education,708.19,37,39.21,2025-11-17,0
CUST100327,1068444.77,514480.18,Education,564.83,52,22.82,2025-07-26,1
CUST100328,304008.68,20000.0,Education,721.4,40,13.74,2025-03-31,1
CUST100329,374008.64,85599.0,Other,636.38,52,24.55,2024-05-05,0
CUST100330,367242.57,20000.0,Education,608.77,41,27.01,2020-02-07,0
CUST100331,1172263.55,360742.64,Business,608.21,38,29.52,2025-07-26,0
CUST100332,549479.37,350409.04,Car,708.18,37,22.09,2022-03-17,0
CUST100333,1982556.49,1217797.39,Car,665.53,58,24.61,2024-09-06,0
CUST100334,651208.03,496556.5,Education,570.67,36,34.82,2019-09-16,1
CUST100335,289373.07,139621.75,Car,711.07,38,24.18,2020-09-11,0
CUST100336,449053.81,438101.86,Car,,51,45.43,2023-01-05,0
CUST100337,693346.15,439988.09,Education,689.09,29,48.55,2024-05-27,0
CUST100338,862924.14,581648.81,Education,695.5,44,109.72,2024-05-15,0
CUST100339,378157.82,239861.06,Business,737.56,41,60.08,2023-07-11,0
CUST100340,888590.76,255499.79,Car,795.81,50,39.33,2021-05-25,0
CUST100341,1029183.33,306499.35,Car,591.3,49,25.99,2023-03-31,0
CUST100342,,204928.45,Education,676.59,45,40.3,2022-05-19,0
CUST100343,1919862.46,858642.85,Home,662.04,33,40.94,2020-06-26,0
CUST100344,484932.59,183570.89,Car,708.19,36,27.36,2020-03-28,0
CUST100345,375042.53,215331.59,Home,694.02,39,50.99,2020-02-08,0
CUST100346,280311.08,20000.0,Home,657.08,36,17.89,2021-10-15,0
CUST100347,1271973.29,834794.5,Home,651.34,41,31.13,2022-11-29,0
CUST100348,658232.32,544716.13,Home,607.43,28,45.7,2021-06-01,1
CUST100349,499378.87,254625.38,Home,744.21,48,30.49,2024-01-26,0
CUST100350,,211939.33,Business,709.85,50,31.69,2020-07-28,0
CUST100351,524730.27,73867.17,Home,739.65,60,32.76,2022-12-29,0
CUST100352,2408519.03,1126019.67,Car,659.82,41,23.44,2023-02-08,0
CUST100353,199837.44,227384.34,Other,637.31,39,61.49,2023-01-31,0
CUST100354,459234.16,148596.38,Business,609.91,44,21.47,2025-10-06,1
CUST100355,1742373.51,320774.74,Car,703.33,43,40.77,2022-03-08,0
CUST100356,,372963.88,Other,,40,42.69,2025-11-20,0
CUST100357,474911.39,193406.93,Car,800.16,55,22.2,2019-04-21,0
CUST100358,727016.86,335045.76,Home,595.0,38,36.25,2025-01-09,0
CUST100359,838477.66,174942.24,Other,697.79,48,22.62,2020-11-12,0
CUST100360,699652.36,339202.98,Other,781.85,31,68.24,2021-02-07,0
CUST100361,1734405.49,551492.35,Education,718.94,42,20.26,2019-10-06,0
CUST100362,783551.8,528175.66,Business,691.42,57,25.57,2019-12-29,0
CUST100363,,462078.97,Business,,47,19.45,2023-07-07,1
CUST100364,718274.41,597313.1,Home,590.19,37,18.24,2022-12-02,0
CUST100365,212546.02,73974.08,Home,730.05,42,75.12,2022-04-13,0
CUST100366,337358.23,155651.34,Education,777.9,38,45.42,2020-08-23,0
CUST100367,378149.47,188491.15,Other,651.47,42,37.44,2022-03-04,0
CUST100368,,450635.5,Home,605.96,35,25.54,2025-05-30,1
CUST100369,2038766.39,744908.46,Business,,38,54.11,2023-02-27,1
CUST100370,793377.12,504876.17,Home,616.25,48,23.56,2024-01-13,1
CUST100371,613259.95,260335.75,Education,672.61,39,51.23,2021-05-20,0
CUST100372,1284569.94,601687.94,Business,783.94,55,23.02,2022-12-13,0
CUST100373,292491.71,23676.91,Business,723.75,34,25.69,2022-09-03,0
CUST100374,496528.07,437774.09,Home,699.83,42,50.37,2024-10-21,0
CUST100375,457804.21,349717.77,Car,653.99,28,52.98,2025-04-25,1
CUST100376,809077.91,267293.64,Education,642.09,52,46.62,2022-10-13,0
CUST100377,1063884.73,803642.69,Home,771.37,41,21.15,2022-03-17,0
CUST100378,842429.03,563804.32,Home,693.05,40,28.25,2022-06-02,0
CUST100379,849796.09,748829.01,Business,,43,37.74,2022-02-02,0
CUST100380,532915.22,460847.43,Education,636.22,35,23.28,2025-07-31,1
CUST100381,775408.73,523590.83,Home,624.22,44,67.59,2023-04-11,0
CUST100382,409551.04,144538.98,Education,644.49,32,11.05,2022-07-08,0
CUST100383,941758.41,637547.75,Other,716.59,39,24.08,2020-07-24,0
CUST100384,493558.16,205665.67,Home,673.02,37,27.41,2024-05-03,0
CUST100385,350773.99,259640.4,Business,675.0,43,8.94,2024-05-31,0
CUST100386,663662.05,487225.06,Home,765.38,39,17.91,2024-06-03,0
CUST100387,226956.52,40182.06,Home,634.73,35,47.25,2020-03-22,0
CUST100388,1462460.99,318804.4,Home,801.17,40,35.51,2021-02-21,0
CUST100389,1007650.65,458310.65,Car,636.37,47,74.47,2022-07-04,0
CUST100390,782352.79,710055.98,Business,685.8,43,73.48,2021-08-01,0
CUST100391,266119.58,20000.0,Car,661.72,49,43.09,2020-09-28,0
CUST100392,442246.65,278680.84,Education,688.02,45,40.68,2020-06-14,0
CUST100393,664662.57,350547.36,Car,708.9,45,36.13,2019-04-29,0
CUST100394,562428.91,476401.29,Home,708.2,44,9.79,2019-03-07,0
CUST100395,256790.77,64130.23,Education,631.05,40,17.92,2025-04-11,0
CUST100396,315114.61,256711.15,Business,607.01,40,36.73,2024-10-05,0
CUST100397,556279.27,108676.08,Business,842.71,41,47.04,2021-12-03,0
CUST100398,,144310.17,Business,648.54,47,40.22,2024-03-28,0
CUST100399,1381928.67,409192.43,Car,725.45,30,22.8,2020-02-28,0
CUST100400,853178.22,462698.1,Business,575.5,51,54.89,2020-01-30,0
CUST100401,,247178.24,Home,661.83,37,71.3,2025-11-02,1
CUST100402,1236459.73,425027.3,Business,671.73,41,54.9,2022-07-04,0
CUST100403,1106780.9,244551.39,Other,710.73,43,56.28,2024-08-02,0
CUST100404,761964.11,535367.8,Home,503.04,49,26.76,2021-08-11,1
CUST100405,,422879.62,Car,690.8,41,58.66,2023-12-25,0
CUST100406,551593.72,147495.44,Business,605.27,43,37.54,2024-02-03,0
CUST100407,482994.89,61025.16,Business,701.08,43,44.74,2021-02-01,0
CUST100408,,20000.0,Home,612.64,41,41.71,2023-06-18,0
CUST100409,1506513.29,702133.72,Other,624.39,41,33.02,2022-11-04,0
CUST100410,488182.88,119781.64,Education,662.21,46,23.16,2020-03-18,1
CUST100411,,439904.49,Home,611.6,47,33.65,2023-02-06,0
CUST100412,393994.14,92323.92,Home,649.09,41,56.2,2019-06-06,0
CUST100413,563560.44,183977.97,Business,602.43,46,28.32,2019-03-30,1
CUST100414,3117853.13,486187.77,Home,560.84,38,53.74,2025-02-27,1
CUST100415,436013.64,107183.09,Home,746.17,46,49.86,2021-09-06,0
CUST100416,1441875.59,801603.67,Education,595.76,47,30.32,2020-04-06,0
CUST100417,640135.15,370735.25,Education,668.39,46,68.17,2025-11-06,0
CUST100418,944767.17,191377.71,Business,728.94,45,29.51,2020-01-15,0
CUST100419,1288831.8,20000.0,Car,640.03,41,72.24,2020-02-05,0
CUST100420,755001.26,138197.47,Business,,51,43.11,2022-01-07,1
CUST100421,535678.1,293695.2,Other,694.71,39,34.73,2020-07-04,0
CUST100422,586763.78,314961.35,Car,752.67,43,22.86,2022-11-10,0
CUST100423,597728.54,104326.86,Business,603.99,49,33.55,2020-03-20,0
CUST100424,1812343.74,965474.19,Other,670.24,36,31.74,2024-09-30,0
CUST100425,287350.63,180608.76,Business,567.39,42,19.13,2024-05-21,0
CUST100426,245444.91,272435.81,Business,654.44,39,31.53,2024-04-01,0
CUST100427,254612.62,153394.48,Home,682.22,41,23.8,2019-11-25,0
CUST100428,397545.77,107682.83,Education,624.45,41,46.37,2024-04-15,0
CUST100429,955292.96,228072.63,Education,650.3,49,65.52,2024-06-13,0
CUST100430,988069.44,286487.05,Business,588.47,42,19.42,2021-02-08,1
CUST100431,465376.11,297741.23,Other,685.01,46,79.62,2023-01-22,0
CUST100432,639893.67,508893.45,Home,748.62,41,32.91,2025-12-20,0
CUST100433,351780.75,238226.97,Home,608.69,47,21.92,2019-05-05,0
CUST100434,370190.82,104491.77,Home,639.53,43,50.35,2019-07-23,1
CUST100435,894172.87,315994.26,Business,712.67,41,28.25,2020-10-04,0
CUST100436,1156552.18,328761.91,Home,758.79,50,33.65,2021-11-10,0
CUST100437,500056.96,186393.54,Education,582.94,50,28.83,2020-08-12,1
CUST100438,1597556.7,1006559.89,Car,669.03,34,23.65,2023-05-06,0
CUST100439,1105502.55,92158.42,Education,698.4,49,49.54,2025-08-06,0
CUST100440,1559969.55,588584.69,Home,673.37,33,30.51,2025-08-05,1
CUST100441,550846.63,327674.28,Other,519.01,51,17.56,2022-02-13,1
CUST100442,1500194.13,169305.88,Education,712.57,40,45.6,2019-02-24,0
CUST100443,2155376.75,295419.5,Other,778.76,44,19.62,2025-05-28,0
CUST100444,518058.27,153922.22,Education,687.58,36,20.12,2021-12-10,0
CUST100445,597156.6,407487.42,Home,612.98,45,62.04,2021-04-21,0
CUST100446,385957.47,209823.04,Home,646.65,50,19.71,2025-04-20,0
CUST100447,346420.74,20000.0,Other,795.04,44,11.51,2020-05-06,0
CUST100448,348650.2,272023.73,Business,,39,47.2,2021-09-11,0
CUST100449,415991.98,191163.2,Home,721.6,49,30.25,2021-09-19,0
CUST100450,756027.88,459694.46,Business,703.17,40,31.53,2024-06-17,0
CUST100451,425775.67,264351.68,Car,637.03,39,30.1,2024-04-16,0
CUST100452,743420.45,555109.49,Car,666.96,33,39.12,2021-08-18,0
CUST100453,751925.46,296686.19,Home,674.94,43,24.39,2024-03-01,0
CUST100454,501901.53,356496.08,Business,715.72,37,71.09,2025-03-22,0
CUST100455,627988.56,567408.75,Home,778.08,30,17.23,2024-08-07,0
CUST100456,486200.24,354568.91,Car,752.69,34,43.33,2019-04-13,0
CUST100457,547885.04,310554.45,Car,850.0,40,47.63,2021-08-27,0
CUST100458,416588.0,66265.99,Home,694.56,33,24.31,2021-12-07,0
CUST100459,680773.7,235200.1,Education,727.89,40,21.41,2021-01-06,0
CUST100460,467160.15,20000.0,Home,720.23,42,57.03,2022-09-27,0
CUST100461,342282.4,127237.62,Car,639.1,27,21.75,2025-03-30,0
CUST100462,900867.56,635466.69,Other,850.0,37,26.16,2019-08-16,0
CUST100463,917802.77,594873.65,Car,596.99,40,53.58,2023-09-17,0
CUST100464,1197997.34,905464.46,Car,609.59,46,35.59,2023-06-04,0
CUST100465,370018.8,20000.0,Education,695.18,47,14.77,2024-08-22,0
CUST100466,498928.27,82881.13,Education,817.59,39,80.96,2020-03-20,0
CUST100467,737853.16,468586.06,Business,625.65,41,27.14,2025-07-15,0
CUST100468,493168.27,207794.27,Home,662.72,42,28.85,2022-09-09,0
CUST100469,889779.74,83787.0,Other,750.02,40,39.57,2023-06-08,0
CUST100470,854772.58,619017.49,Business,678.84,39,47.25,2020-08-20,1
CUST100471,,563361.65,Business,658.25,39,89.72,2025-01-13,0
CUST100472,1450682.39,633373.67,Home,716.77,46,15.78,2022-03-27,0
CUST100473,926315.37,602993.71,Home,697.71,28,52.03,2021-03-08,0
CUST100474,707411.46,482788.18,Education,746.98,46,50.0,2025-12-13,0
CUST100475,584366.2,426582.8,Other,763.95,44,32.77,2021-04-14,0
CUST100476,,524767.91,Education,699.96,41,51.07,2024-07-25,0
CUST100477,,20000.0,Home,698.96,38,54.81,2019-12-23,0
CUST100478,246123.09,43220.0,Home,693.92,46,18.03,2025-08-06,0
CUST100479,838855.31,124067.11,Business,711.79,38,81.06,2019-01-08,0
CUST100480,1274068.34,185723.98,Business,683.59,45,16.56,2025-11-24,0
CUST100481,542077.59,433878.12,Home,679.96,46,20.3,2025-01-28,0
CUST100482,1556000.69,708397.54,Home,757.78,36,30.87,2024-11-13,0
CUST100483,589863.13,431056.44,Car,778.55,35,88.17,2022-08-22,0
CUST100484,221937.94,123759.63,Education,582.01,37,30.19,2025-11-26,0
CUST100485,1077080.54,886917.75,Business,680.65,45,34.47,2024-05-27,1
CUST100486,499378.25,347965.67,Business,635.23,51,69.6,2023-01-28,0
CUST100487,1132067.22,544825.4,Education,659.79,25,30.3,2020-09-05,0
CUST100488,321929.39,41604.15,Home,706.16,38,19.88,2020-11-19,0
CUST100489,815333.03,205986.58,Business,723.51,35,28.65,2021-06-16,0
CUST100490,418517.53,206963.28,Other,672.71,39,67.58,2022-09-13,0
CUST100491,,279167.53,Other,555.63,36,36.21,2019-04-20,0
CUST100492,990892.49,613581.94,Other,617.27,43,88.42,2020-12-10,1
CUST100493,872090.25,534926.84,Car,738.27,47,49.88,2022-03-06,0
CUST100494,675278.14,618134.4,Business,501.87,45,25.68,2020-10-10,1
CUST100495,5650465.87,3657382.56,Other,757.18,51,35.87,2025-07-24,0
CUST100496,,615863.52,Business,713.88,26,23.24,2024-06-26,1
CUST100497,1146259.26,310704.77,Car,765.55,43,25.39,2025-11-15,0
CUST100498,366252.87,48079.83,Other,,43,180.0,2023-07-25,0
CUST100499,397087.36,57900.75,Education,546.01,38,57.07,2023-03-08,0
CUST100500,1173127.94,801854.2,Home,707.97,28,52.91,2024-03-28,0
CUST100501,579594.95,170241.99,Home,762.85,46,25.95,2019-09-03,0
CUST100502,402787.86,303874.21,Business,740.11,44,74.35,2023-05-28,1
CUST100503,,433259.36,Car,636.93,32,59.33,2021-03-08,1
CUST100504,457503.23,84507.95,Home,685.64,39,86.36,2021-12-09,0
CUST100505,710199.23,165158.5,Business,645.37,35,84.37,2020-05-29,1
CUST100506,517861.95,103997.35,Business,626.75,47,17.21,2025-03-23,0
CUST100507,542854.55,228754.07,Business,,48,20.55,2020-05-20,0
CUST100508,1197140.32,887023.36,Home,602.16,35,21.62,2019-06-04,0
CUST100509,,115328.08,Business,621.9,47,22.25,2024-06-29,0
CUST100510,881905.83,463145.93,Home,608.24,32,40.88,2024-03-12,0
CUST100511,1093315.71,792169.4,Car,583.13,38,26.66,2023-02-12,0
CUST100512,461681.65,217736.25,Car,,34,94.65,2019-04-21,0
CUST100513,1088704.03,908019.33,Business,755.5,44,87.32,2025-12-05,0
CUST100514,383565.03,76548.36,Car,667.98,38,34.89,2025-05-10,0
CUST100515,452135.27,233443.84,Home,582.13,32,89.47,2025-01-11,1
CUST100516,424380.51,155667.95,Car,734.6,33,71.5,2023-08-02,0
CUST100517,1096833.92,333341.9,Education,,35,28.19,2022-04-05,0
CUST100518,248949.77,849284.03,Other,637.99,45,13.34,2021-11-08,1
CUST100519,1602072.43,775728.78,Other,648.89,49,31.52,2025-07-20,0
CUST100520,549635.95,134219.4,Home,713.52,34,25.69,2024-04-05,1
CUST100521,911575.16,212733.74,Home,,47,38.65,2019-10-21,0
CUST100522,869363.83,705924.88,Home,,40,36.53,2023-01-25,0
CUST100523,706377.53,526176.34,Business,593.39,43,36.07,2019-12-04,1
CUST100524,467124.13,443143.81,Home,721.04,45,45.0,2024-01-02,0
CUST100525,1287267.81,876103.66,Home,731.94,31,19.56,2025-11-04,0
CUST100526,489705.49,435789.36,Education,680.4,34,42.64,2025-07-19,0
CUST100527,434756.28,115660.04,Home,643.72,44,28.34,2020-12-17,0
CUST100528,1053331.23,255713.67,Home,744.63,46,38.53,2020-09-22,0
CUST100529,704250.88,619148.48,Car,714.32,34,55.42,2021-02-03,0
CUST100530,1371656.25,897945.24,Car,630.05,57,19.45,2019-03-26,1
CUST100531,627978.21,288070.66,Education,683.19,31,30.58,2021-01-06,0
CUST100532,454405.93,169470.11,Other,592.14,50,33.06,2022-11-13,0
CUST100533,756030.16,324245.86,Home,724.58,49,27.34,2019-08-15,0
CUST100534,508153.17,503196.69,Car,662.95,53,53.91,2022-07-31,1
CUST100535,461699.84,95521.37,Other,651.68,39,24.77,2019-04-19,0
CUST100536,1027116.73,976112.34,Other,677.86,49,26.81,2019-05-15,0
CUST100537,1779927.03,1300399.05,Car,682.62,34,24.89,2021-07-26,0
CUST100538,567600.81,296043.21,Business,738.17,45,59.12,2019-10-18,0
CUST100539,380263.61,153235.17,Home,718.42,35,27.63,2023-12-31,0
CUST100540,597390.72,209207.34,Business,669.83,40,43.65,2023-10-03,1
CUST100541,862739.71,47205.74,Other,729.64,42,90.35,2023-07-11,0
CUST100542,748885.5,91086.74,Education,706.05,42,33.77,2024-02-11,0
CUST100543,1253631.47,763304.44,Education,652.27,39,59.69,2025-09-07,1
CUST100544,937082.92,463755.66,Home,671.89,41,78.07,2019-01-27,0
CUST100545,354283.4,60964.73,Business,670.37,54,57.31,2024-08-22,0
CUST100546,495539.6,117685.63,Education,712.84,46,34.72,2020-07-07,0
CUST100547,304147.75,263562.03,Business,656.14,37,47.63,2021-07-21,1
CUST100548,1219926.64,368220.88,Home,654.62,48,18.87,2025-10-28,0
CUST100549,217333.79,188068.2,Education,807.97,37,24.07,2025-03-21,0
CUST100550,320903.22,99783.12,Education,741.08,44,26.18,2024-08-30,0
CUST100551,490527.34,245118.69,Home,630.56,32,102.6,2023-07-30,1
CUST100552,886363.32,133398.94,Home,717.11,48,23.7,2022-09-11,0
CUST100553,487876.83,338357.21,Car,687.69,39,23.53,2023-10-23,0
CUST100554,531708.91,326550.18,Business,705.45,40,21.21,2020-04-11,0
CUST100555,537501.76,136212.26,Education,,47,45.79,2022-06-02,0
CUST100556,,310889.57,Business,757.33,40,37.48,2023-02-07,0
CUST100557,332184.66,51003.8,Car,702.47,44,58.97,2020-09-09,0
CUST100558,386072.43,245171.12,Other,675.96,42,48.31,2020-04-02,0
CUST100559,1638408.13,1042311.95,Business,747.74,47,18.04,2022-05-21,1
CUST100560,811019.31,118062.73,Car,695.16,58,23.76,2021-08-18,0
CUST100561,987723.26,498324.98,Home,687.9,37,67.4,2023-02-13,0
CUST100562,671079.8,575515.28,Car,700.41,29,31.75,2019-06-29,0
CUST100563,601735.65,510165.82,Other,673.92,34,61.89,2024-08-31,1
CUST100564,835804.21,744436.79,Car,680.6,34,32.57,2022-09-30,0
CUST100565,969867.91,430405.5,Car,641.86,39,22.0,2021-02-01,0
CUST100566,1035162.8,768619.81,Home,631.17,38,30.26,2021-07-10,0
CUST100567,606293.75,254425.36,Business,615.09,55,21.99,2021-01-14,0
CUST100568,1099300.63,169167.37,Car,589.52,39,26.68,2022-12-02,0
CUST100569,167427.95,155000.94,Car,622.82,45,38.54,2023-02-19,0
CUST100570,1061809.94,648178.12,Car,668.67,49,44.74,2022-12-10,0
CUST100571,513974.72,118767.39,Car,,45,16.31,2022-07-19,0
CUST100572,881242.38,142511.39,Car,662.37,29,34.71,2020-09-28,0
CUST100573,454792.88,345715.11,Education,526.88,59,26.41,2021-10-20,1
CUST100574,313340.47,45262.78,Business,782.35,40,25.64,2019-06-01,1
CUST100575,783530.18,81260.14,Business,750.62,42,37.3,2019-01-13,0
CUST100576,284613.06,20000.0,Business,708.97,47,26.87,2020-12-15,0
CUST100577,521729.77,92677.38,Home,803.99,36,67.95,2019-09-06,0
CUST100578,415771.58,329934.52,Business,616.47,33,61.91,2022-02-18,1
CUST100579,590343.44,270050.9,Home,802.7,40,61.72,2020-01-22,0
CUST100580,1007711.68,588101.5,Home,617.26,49,27.6,2020-03-14,0
CUST100581,496487.08,463079.6,Other,695.52,48,22.05,2025-06-05,0
CUST100582,772776.61,378367.56,Business,597.2,28,36.41,2020-12-21,1
CUST100583,976146.51,350670.33,Education,680.96,39,32.56,2020-04-17,0
CUST100584,465439.48,359202.26,Other,705.1,36,26.13,2021-10-03,0
CUST100585,469166.6,228337.45,Other,669.95,43,19.91,2020-09-24,0
CUST100586,1380365.03,441186.06,Education,726.4,44,34.31,2025-10-04,0
CUST100587,622229.26,439274.65,Education,686.44,36,28.83,2019-01-24,0
CUST100588,860057.03,594293.19,Business,646.04,44,48.7,2020-06-21,0
CUST100589,856480.0,586708.15,Home,643.16,40,48.16,2024-06-03,0
CUST100590,336325.41,306261.93,Home,732.71,55,59.37,2023-12-16,0
CUST100591,427729.35,277063.34,Business,637.51,47,19.12,2020-06-23,0
CUST100592,799041.92,546991.36,Car,739.5,39,42.43,2023-09-23,0
CUST100593,10761340.98,8014755.15,Home,,41,24.68,2020-02-25,0
CUST100594,578685.22,106979.61,Car,571.53,41,19.48,2020-04-28,1
CUST100595,403859.17,195052.79,Car,753.64,46,28.49,2021-10-25,0
CUST100596,1197211.93,798044.28,Other,813.93,39,58.46,2025-01-13,0
CUST100597,786298.01,275772.07,Business,696.38,35,29.27,2019-02-21,0
CUST100598,1251574.74,306442.0,Education,718.94,34,74.2,2019-08-31,0
CUST100599,636162.36,232407.06,Other,,45,45.55,2023-08-14,0
CUST100600,610533.59,251326.49,Other,662.09,50,28.97,2025-10-03,0
CUST100601,549638.69,231677.59,Education,691.85,36,61.08,2024-01-15,0
CUST100602,492889.1,229378.65,Other,594.58,41,43.34,2020-02-29,1
CUST100603,2845611.75,2323063.55,Car,689.01,33,22.37,2024-10-28,0
CUST100604,,597874.97,Home,712.38,44,85.42,2020-11-25,0
CUST100605,361610.86,338106.27,Home,713.55,39,39.64,2019-12-20,0
CUST100606,2775516.79,1221401.99,Business,749.25,43,35.32,2023-08-17,0
CUST100607,520210.43,142464.55,Education,629.64,39,23.21,2019-10-20,0
CUST100608,775575.99,326966.4,Business,645.38,42,61.65,2020-12-17,1
CUST100609,1089801.58,649470.54,Business,803.21,41,44.86,2020-06-12,0
CUST100610,278968.17,87285.06,Home,670.23,52,47.34,2020-04-24,0
CUST100611,412378.91,250562.9,Home,693.0,43,27.43,2020-04-21,0
CUST100612,1609152.65,921173.08,Education,675.64,44,52.23,2019-01-25,0
CUST100613,574394.59,154904.98,Home,626.59,51,54.22,2025-10-14,0
CUST100614,1125790.72,893999.28,Business,785.53,43,25.39,2025-06-22,0
CUST100615,506520.46,212963.93,Education,645.7,35,17.73,2020-09-29,0
CUST100616,616889.29,189428.34,Education,606.73,48,46.27,2025-08-02,1
CUST100617,1735175.15,849615.49,Car,650.7,51,16.45,2022-07-23,0
CUST100618,826834.12,511880.79,Business,549.89,42,37.65,2020-11-20,1
CUST100619,537702.85,184225.82,Business,637.67,42,28.24,2019-12-10,0
CUST100620,446358.51,52671.43,Other,617.07,33,62.82,2022-12-25,0
CUST100621,469393.25,311155.84,Business,720.13,45,28.99,2020-12-12,0
CUST100622,1286692.67,933554.34,Education,636.23,47,59.55,2020-03-14,1
CUST100623,990288.62,386930.75,Home,737.71,44,27.34,2022-12-25,0
CUST100624,345571.72,379005.43,Business,770.9,43,56.56,2019-05-23,0
CUST100625,681925.61,419962.97,Other,730.78,31,94.1,2023-11-19,0
CUST100626,626546.69,163787.62,Home,666.0,43,20.96,2021-05-17,0
CUST100627,773420.89,532334.55,Car,689.17,49,40.27,2025-07-28,0
CUST100628,466383.5,83383.74,Home,580.88,46,130.94,2023-01-28,0
CUST100629,1188878.2,237964.25,Business,671.3,36,36.14,2020-04-12,0
CUST100630,649521.38,475470.86,Car,624.07,30,36.05,2023-01-27,0
CUST100631,798202.6,466038.93,Home,725.13,41,51.1,2021-05-26,0
CUST100632,422163.53,42437.7,Other,847.23,38,35.7,2022-11-18,0
CUST100633,434024.13,309818.14,Education,712.49,36,15.42,2021-07-07,0
CUST100634,2803442.69,1801464.03,Car,550.58,42,60.27,2023-12-15,1
CUST100635,1749379.33,1431134.85,Car,656.52,26,13.38,2023-11-12,0
CUST100636,625560.3,140395.09,Car,687.96,41,28.65,2021-12-17,0
CUST100637,1510392.06,1097166.68,Education,685.68,46,62.48,2022-02-23,0
CUST100638,1266456.34,546060.67,Car,632.5,38,29.49,2021-04-20,0
CUST100639,,20000.0,Education,695.94,42,25.09,2024-09-30,0
CUST100640,436269.03,248150.72,Business,599.24,39,53.38,2021-10-08,0
CUST100641,938933.36,639095.26,Business,618.58,41,23.26,2021-03-24,1
CUST100642,,415511.81,Car,721.98,50,19.47,2025-05-05,0
CUST100643,521062.41,310295.63,Education,613.98,42,39.93,2024-11-13,0
CUST100644,966466.81,170670.21,Business,714.98,33,32.06,2019-09-30,0
CUST100645,294007.93,139922.37,Home,590.98,48,19.27,2023-09-13,1
CUST100646,692441.12,347034.37,Home,794.71,33,47.52,2024-12-20,0
CUST100647,328837.71,181113.64,Education,629.67,34,43.74,2024-11-06,0
CUST100648,334848.14,105399.63,Business,,47,29.45,2019-01-05,0
CUST100649,440650.36,380758.87,Home,701.49,45,30.43,2019-12-23,0
CUST100650,,360446.02,Business,,34,43.87,2022-09-28,1
CUST100651,448357.99,346811.24,Business,689.32,34,61.97,2019-07-23,1
CUST100652,,309098.1,Other,,34,30.56,2023-05-16,0
CUST100653,845103.77,466704.0,Home,742.44,46,47.92,2025-11-23,1
CUST100654,1477317.52,46000.5,Business,731.45,34,45.91,2025-11-16,0
CUST100655,923656.36,185385.22,Home,668.83,38,53.38,2020-05-11,0
CUST100656,1751033.85,1123692.72,Education,670.47,33,35.67,2020-12-02,1
CUST100657,1410952.77,435049.74,Education,832.69,47,22.59,2021-04-16,0
CUST100658,497147.54,254902.67,Car,741.74,46,28.03,2019-03-04,0
CUST100659,920263.7,199434.48,Business,620.08,47,41.26,2023-04-29,0
CUST100660,618053.75,166408.38,Home,686.5,34,83.78,2019-08-27,0
CUST100661,1165758.52,603946.06,Education,,39,27.74,2020-06-23,1
CUST100662,617992.31,482966.48,Home,,29,51.5,2019-07-17,0
CUST100663,421234.33,220361.02,Business,600.08,46,29.9,2021-02-19,1
CUST100664,1383463.8,1102036.04,Home,653.22,39,36.91,2019-01-30,0
CUST100665,774145.56,628427.46,Business,797.75,32,72.44,2022-05-17,0
CUST100666,451254.3,78489.61,Business,717.64,39,50.51,2021-12-22,0
CUST100667,494067.87,154507.89,Business,518.07,49,19.29,2021-12-16,1
CUST100668,449670.91,325248.28,Home,759.09,54,26.59,2024-01-30,0
CUST100669,374657.13,226731.92,Business,750.83,53,63.96,2023-05-18,0
CUST100670,499865.43,234709.93,Home,656.65,44,37.47,2023-06-17,0
CUST100671,798020.3,790122.0,Business,726.62,48,20.16,2021-10-14,0
CUST100672,673309.92,69386.09,Business,624.14,42,23.62,2021-12-05,0
CUST100673,510787.19,110024.4,Education,649.43,40,49.06,2024-10-25,0
CUST100674,1479562.14,776616.41,Business,777.41,44,56.41,2022-04-07,0
CUST100675,215104.5,21308.52,Home,662.34,41,35.3,2021-03-24,0
CUST100676,769197.0,241814.68,Education,558.47,33,114.84,2022-02-26,1
CUST100677,600915.77,286329.71,Car,675.89,53,51.98,2023-10-03,1
CUST100678,381218.49,20000.0,Other,674.89,47,31.14,2024-02-27,0
CUST100679,794269.05,475134.25,Other,757.89,38,23.66,2019-09-25,0
CUST100680,576001.83,516756.35,Business,680.93,44,21.92,2023-11-09,0
CUST100681,1290600.34,983146.08,Other,652.6,42,41.11,2020-08-07,0
CUST100682,1047758.34,624994.16,Car,747.93,49,27.68,2025-10-02,0
CUST100683,1854451.54,967710.33,Other,687.85,37,78.16,2024-03-05,0
CUST100684,498272.69,126855.11,Car,631.25,34,70.75,2022-03-30,0
CUST100685,1401190.25,441960.86,Business,755.07,39,47.43,2021-12-17,0
CUST100686,342322.15,125385.44,Business,692.59,48,19.87,2020-01-19,0
CUST100687,611626.8,224703.13,Home,680.19,49,25.35,2020-03-05,0
CUST100688,503249.71,288239.75,Car,691.56,40,63.95,2021-11-15,0
CUST100689,905346.13,668126.24,Home,610.41,33,26.71,2024-01-08,0
CUST100690,893390.75,384303.38,Other,645.7,41,59.98,2021-03-08,0
CUST100691,396086.09,249739.65,Home,680.23,36,43.95,2020-01-07,1
CUST100692,933534.63,196860.71,Education,667.35,46,35.88,2021-11-25,0
CUST100693,5902139.09,3347964.11,Business,762.71,35,24.98,2023-12-19,0
CUST100694,414774.01,157414.65,Home,694.13,44,33.45,2024-01-23,1
CUST100695,645801.78,293292.06,Education,735.57,33,38.34,2022-07-14,0
CUST100696,288503.75,135183.8,Education,680.61,46,57.45,2024-12-27,0
CUST100697,1084843.33,887275.91,Home,748.66,41,22.88,2019-03-08,0
CUST100698,630416.63,387867.01,Business,705.84,43,30.85,2021-10-11,0
CUST100699,638047.21,468733.72,Car,680.87,46,35.76,2023-04-03,0
CUST100700,619573.12,436731.05,Home,679.14,41,48.11,2022-10-24,0
CUST100701,1607989.49,1366345.86,Education,617.96,50,22.63,2025-04-27,0
CUST100702,1498702.62,444033.46,Car,712.95,37,18.6,2023-08-29,0
CUST100703,1366340.07,152923.48,Other,677.39,39,48.37,2020-08-01,0
CUST100704,620297.66,171636.07,Other,647.37,39,16.89,2023-05-25,0
CUST100705,,20000.0,Education,751.92,27,64.85,2022-05-11,0
CUST100706,644312.38,342890.89,Car,598.74,39,32.48,2024-05-12,0
CUST100707,772701.33,510208.93,Car,652.54,49,16.65,2024-06-01,0
CUST100708,1016283.91,457149.45,Car,746.8,31,27.79,2020-02-14,0
CUST100709,771335.07,232426.46,Education,700.51,43,41.99,2023-09-08,0
CUST100710,,350620.2,Business,676.89,37,27.1,2024-11-30,0
CUST100711,484197.97,103181.32,Car,696.32,36,35.34,2021-04-19,1
CUST100712,460630.99,212657.63,Home,691.66,44,49.93,2019-07-08,0
CUST100713,874324.46,487514.45,Education,581.42,42,31.76,2019-10-04,1
CUST100714,886207.36,644530.34,Home,657.3,41,22.32,2023-10-27,0
CUST100715,952433.13,381331.6,Business,785.07,53,30.32,2024-11-20,0
CUST100716,767042.4,150641.86,Education,637.14,42,69.03,2024-11-24,0
CUST100717,209434.83,144973.38,Education,659.31,35,78.58,2024-04-23,0
CUST100718,251577.11,20000.0,Car,644.79,28,13.27,2024-05-31,0
CUST100719,601766.3,125583.33,Other,674.34,38,59.09,2025-01-29,0
CUST100720,686025.79,452280.11,Home,642.1,48,39.47,2021-09-25,0
CUST100721,1295288.12,402718.78,Other,711.64,36,54.54,2020-12-22,0
CUST100722,678415.34,252651.4,Car,,44,26.87,2022-04-29,0
CUST100723,380011.01,96548.56,Other,730.28,41,14.98,2023-08-21,0
CUST100724,935576.58,813150.85,Business,611.69,51,46.34,2025-03-22,0
CUST100725,643861.69,527218.79,Home,,44,22.28,2023-09-04,0
CUST100726,521048.03,269618.97,Business,665.33,46,17.97,2024-12-21,0
CUST100727,267452.69,111253.64,Business,709.62,44,18.59,2021-11-26,0
CUST100728,681179.07,198277.09,Home,628.44,47,46.7,2024-11-10,1
CUST100729,737172.72,171538.82,Home,739.52,38,37.42,2024-10-23,0
CUST100730,375813.08,123016.0,Business,757.12,36,50.95,2025-02-08,0
CUST100731,,512953.19,Business,615.72,48,48.26,2020-12-17,0
CUST100732,,487985.97,Business,648.09,41,28.6,2020-04-03,0
CUST100733,667723.58,165716.91,Business,645.42,32,33.84,2023-08-29,0
CUST100734,654204.46,106944.67,Business,850.0,51,27.38,2020-09-18,0
CUST100735,1093668.72,556682.79,Business,652.06,44,31.64,2025-09-22,0
CUST100736,795613.94,362838.09,Education,789.05,33,22.0,2019-07-26,0
CUST100737,441744.59,164620.09,Car,597.67,42,42.22,2022-09-18,0
CUST100738,583045.84,290745.82,Other,615.67,41,58.64,2020-11-03,0
CUST100739,882924.36,592097.11,Home,,37,23.65,2024-05-31,0
CUST100740,212553.95,87567.82,Car,625.03,37,64.74,2024-04-23,0
CUST100741,389410.1,147667.79,Business,662.59,42,36.96,2019-09-30,0
CUST100742,945910.62,359354.46,Car,633.93,37,39.29,2025-08-23,1
CUST100743,1263770.57,179561.5,Home,626.74,36,15.48,2021-11-15,0
CUST100744,1139732.85,692438.93,Home,755.3,57,14.7,2024-02-21,0
CUST100745,1062397.78,256939.61,Business,759.55,41,37.51,2019-04-01,1
CUST100746,698078.45,442533.99,Other,741.7,45,51.13,2020-04-20,0
CUST100747,369102.91,318479.72,Education,714.06,46,25.36,2024-08-08,0
CUST100748,583374.59,497531.85,Education,,51,78.02,2020-12-26,0
CUST100749,217168.68,232964.76,Car,647.69,51,49.81,2022-04-26,0
CUST100750,1329200.9,227602.07,Car,618.04,37,22.63,2020-06-17,1
CUST100751,414702.05,375163.05,Home,703.59,43,35.52,2019-03-26,0
CUST100752,,262887.27,Car,603.71,56,114.92,2021-04-20,0
CUST100753,1163528.92,730548.79,Car,615.4,51,19.28,2019-03-18,0
CUST100754,267448.64,20000.0,Home,754.94,45,45.1,2025-07-05,0
CUST100755,,238721.74,Home,803.54,48,29.98,2025-08-27,0
CUST100756,753219.44,192796.94,Business,705.56,65,49.14,2025-08-21,0
CUST100757,865391.14,436959.95,Other,751.92,34,64.31,2025-07-16,0
CUST100758,624865.81,84927.76,Other,664.02,40,29.08,2022-04-15,0
CUST100759,636176.89,389805.9,Education,593.05,38,59.88,2025-10-07,0
CUST100760,1305811.86,488251.84,Home,719.79,37,101.65,2024-06-13,0
CUST100761,922370.98,250674.79,Business,717.0,29,36.13,2025-01-30,0
CUST100762,856295.76,166104.76,Home,684.66,47,51.01,2020-02-10,0
CUST100763,995831.37,430341.17,Business,664.25,37,26.36,2024-10-30,0
CUST100764,550952.01,177412.92,Business,742.54,32,35.33,2019-01-21,0
CUST100765,2147830.36,1051121.2,Business,615.93,46,32.15,2020-02-02,0
CUST100766,182697.18,142337.73,Other,629.7,38,51.31,2025-07-05,0
CUST100767,1449289.81,982815.3,Business,614.47,44,62.4,2025-03-22,1
CUST100768,1067560.59,649090.12,Business,685.52,49,33.21,2023-12-06,0
CUST100769,745109.29,182012.73,Car,609.29,39,73.08,2023-12-14,1
CUST100770,679249.35,211662.74,Other,635.52,55,72.95,2021-06-12,1
CUST100771,596702.13,281804.02,Home,,38,52.55,2024-04-28,0
CUST100772,1192570.49,977839.16,Other,663.06,42,27.32,2020-03-13,0
CUST100773,635903.55,580033.25,Car,583.32,38,26.09,2022-07-19,0
CUST100774,435561.39,100432.81,Home,685.67,45,23.7,2022-07-27,0
CUST100775,1067487.41,154437.29,Business,761.07,33,55.2,2019-08-11,0
CUST100776,1554009.73,1193881.71,Home,,39,19.56,2023-05-30,0
CUST100777,225209.11,208912.66,Business,780.19,53,48.44,2024-05-14,0
CUST100778,2376473.32,1716792.51,Car,766.71,49,20.83,2020-05-23,0
CUST100779,367517.21,173231.83,Other,730.55,42,51.97,2021-12-01,0
CUST100780,383296.3,199081.18,Business,684.85,41,35.29,2022-04-14,0
CUST100781,327760.45,54403.96,Business,681.46,46,66.39,2022-06-22,0
CUST100782,650303.61,269672.69,Car,,39,60.54,2022-06-30,0
CUST100783,321541.72,109861.0,Home,654.54,41,69.7,2022-07-21,1
CUST100784,343755.05,168121.21,Business,557.64,46,70.57,2020-08-26,1
CUST100785,445087.03,159747.77,Home,711.98,37,37.5,2021-10-31,0
CUST100786,701431.32,194037.92,Car,606.48,47,20.07,2025-01-08,0
CUST100787,739623.92,227400.17,Education,617.46,40,21.12,2019-07-08,0
CUST100788,1286435.98,511007.89,Education,680.01,42,12.85,2020-11-06,1
CUST100789,1270231.17,273167.41,Home,673.82,36,20.8,2020-09-29,0
CUST100790,1141968.25,543289.95,Home,,45,36.18,2025-03-08,0
CUST100791,562889.26,380076.12,Home,320.0,40,26.75,2024-06-19,1
CUST100792,236115.81,228319.86,Other,742.8,43,32.1,2024-01-19,0
CUST100793,233259.0,36963.8,Home,606.66,62,44.34,2025-07-14,0
CUST100794,,465239.9,Other,762.71,52,30.25,2019-02-16,0
CUST100795,1033842.09,49296.54,Home,578.59,37,20.43,2021-03-30,0
CUST100796,463026.79,215988.53,Home,817.63,41,34.12,2021-12-16,0
CUST100797,294290.51,39959.21,Education,653.27,40,22.74,2022-07-01,0
CUST100798,365417.05,279899.8,Home,689.47,45,30.73,2025-01-26,0
CUST100799,715551.97,447410.63,Education,557.02,45,66.68,2022-03-15,1
CUST100800,716286.99,375978.93,Other,675.96,40,30.74,2021-11-22,0
CUST100801,1153279.11,132150.61,Home,694.85,43,81.89,2023-03-19,0
CUST100802,507388.72,150784.63,Business,674.4,42,69.58,2021-03-06,0
CUST100803,,205234.37,Car,643.4,46,26.5,2025-07-17,1
CUST100804,1207007.07,524414.87,Home,618.47,39,20.53,2019-02-17,0
CUST100805,201980.3,95696.28,Home,753.48,45,34.13,2025-08-08,0
CUST100806,773999.7,447476.64,Other,682.0,37,60.88,2022-11-22,0
CUST100807,540852.47,394159.45,Home,780.15,50,27.66,2022-05-03,0
CUST100808,961976.71,426714.52,Other,840.0,33,54.12,2023-10-27,0
CUST100809,861698.98,366146.22,Education,651.74,45,62.51,2020-12-25,0
CUST100810,443191.55,218625.45,Home,733.01,50,24.14,2022-09-06,0
CUST100811,491734.13,223618.1,Education,574.51,41,25.3,2023-12-23,0
CUST100812,183256.33,153798.53,Business,601.12,40,49.28,2019-05-18,0
CUST100813,981878.61,342367.38,Business,751.34,52,37.65,2019-12-21,0
CUST100814,741628.14,568056.07,Education,603.82,50,25.18,2024-02-12,1
CUST100815,1402699.9,462050.82,Other,,36,29.56,2021-12-29,0
CUST100816,,158612.61,Home,801.45,40,33.84,2021-03-21,0
CUST100817,1074764.6,175926.09,Other,589.4,40,16.51,2023-05-25,1
CUST100818,360868.29,46544.39,Business,691.97,29,50.54,2023-10-10,0
CUST100819,146839.18,93071.77,Business,684.49,47,27.82,2019-02-28,0
CUST100820,617074.46,207068.33,Business,497.31,46,9.2,2021-02-09,1
CUST100821,475942.67,70972.53,Education,662.62,34,34.6,2020-01-24,0
CUST100822,364680.12,143466.73,Business,709.15,47,24.52,2019-12-05,0
CUST100823,1065213.29,757583.59,Education,703.03,40,78.73,2021-01-26,0
CUST100824,1263332.1,299402.76,Car,,40,26.43,2020-08-18,0
CUST100825,688802.14,245912.43,Education,654.81,39,20.67,2020-03-11,0
CUST100826,587917.64,331979.78,Car,726.31,36,44.66,2023-01-13,0
CUST100827,672809.32,1545746.65,Car,635.19,33,25.49,2020-01-12,0
CUST100828,453893.65,323427.52,Car,588.32,54,24.08,2024-06-05,0
CUST100829,885719.35,361324.87,Home,595.65,54,44.7,2025-09-04,1
CUST100830,278750.68,147303.53,Car,584.96,39,21.24,2025-12-03,0
CUST100831,360243.21,207730.44,Other,745.62,46,17.39,2019-04-24,0
CUST100832,420640.58,191333.89,Car,581.55,54,80.14,2021-02-12,1
CUST100833,875432.32,748372.25,Business,697.81,46,46.22,2024-04-10,0
CUST100834,550376.69,280952.45,Home,662.71,35,30.83,2025-01-28,0
CUST100835,1373595.56,1078907.6,Car,673.33,42,34.94,2019-01-18,0
CUST100836,1011098.59,523162.53,Home,768.63,36,44.62,2019-08-23,0
CUST100837,418372.05,306342.84,Home,651.5,40,55.84,2022-08-26,0
CUST100838,920924.95,560812.13,Education,719.75,34,24.35,2023-08-20,0
CUST100839,519287.92,288695.23,Education,682.44,45,41.72,2019-10-08,0
CUST100840,843214.72,421453.69,Home,670.12,44,27.44,2021-04-10,0
CUST100841,1038411.12,656710.76,Education,829.5,52,31.96,2022-02-12,0
CUST100842,1199986.27,684420.69,Other,586.31,27,37.81,2023-08-23,0
CUST100843,726387.94,540200.16,Home,763.79,30,34.89,2023-08-18,0
CUST100844,1567191.42,1163243.77,Home,722.67,40,49.82,2023-05-06,0
CUST100845,828564.98,696640.68,Business,648.83,35,44.22,2020-02-22,0
CUST100846,700119.51,461770.3,Home,785.91,39,16.97,2025-05-20,0
CUST100847,550369.27,1654642.02,Other,559.87,41,18.24,2020-08-07,1
CUST100848,459322.42,131558.07,Education,646.09,55,29.31,2022-09-13,0
CUST100849,818856.14,604555.58,Education,601.45,32,84.19,2022-09-26,0
CUST100850,687037.63,190338.4,Car,706.79,42,23.26,2025-03-18,0
CUST100851,750264.97,304153.54,Education,607.65,36,31.67,2024-08-18,0
CUST100852,846730.59,213125.34,Home,708.15,53,27.06,2024-04-16,0
CUST100853,748523.93,511118.74,Other,667.88,48,26.83,2021-04-11,0
CUST100854,1967039.38,1419637.52,Education,648.84,34,38.13,2025-08-19,0
CUST100855,486186.2,120178.15,Home,705.26,43,68.56,2020-06-17,0
CUST100856,824464.18,426158.29,Education,662.54,45,43.56,2022-01-27,1
CUST100857,573490.34,269025.7,Home,609.24,32,23.8,2023-09-02,0
CUST100858,,177724.89,Home,300.0,53,131.22,2022-11-06,1
CUST100859,584386.34,230197.47,Business,648.33,44,36.35,2024-03-01,0
CUST100860,388346.89,56114.15,Business,535.86,41,26.53,2020-03-22,1
CUST100861,626544.63,175468.94,Education,625.26,39,68.93,2025-07-19,0
CUST100862,640629.3,358563.12,Home,597.63,42,27.94,2025-10-08,0
CUST100863,803453.41,357827.01,Education,,43,77.75,2020-09-16,0
CUST100864,485594.4,248478.59,Home,700.91,39,23.04,2024-02-07,0
CUST100865,520178.1,338956.93,Education,705.92,37,69.53,2025-06-11,0
CUST100866,955613.81,111315.9,Education,655.95,43,38.55,2025-01-04,0
CUST100867,416543.2,161997.6,Business,661.84,34,65.04,2021-01-01,0
CUST100868,236470.44,126027.77,Other,655.89,49,87.2,2025-11-06,0
CUST100869,708634.31,127719.9,Other,674.72,54,20.32,2021-07-26,0
CUST100870,1171381.59,359373.49,Other,734.3,37,64.57,2024-09-11,0
CUST100871,949581.75,271383.46,Other,701.84,40,17.8,2023-10-22,0
CUST100872,715862.9,408855.7,Business,712.51,38,21.17,2023-03-05,0
CUST100873,1293138.26,437090.12,Other,712.47,37,23.8,2023-09-17,1
CUST100874,1178599.14,777424.61,Other,737.49,46,44.57,2022-05-01,0
CUST100875,541839.25,271156.36,Business,698.73,33,35.56,2022-04-18,0
CUST100876,744795.22,225038.47,Home,703.33,38,32.3,2024-03-05,0
CUST100877,762593.78,477298.9,Home,757.27,42,37.55,2023-03-22,0
CUST100878,619714.89,24694.77,Business,636.77,33,46.49,2020-01-26,0
CUST100879,1212947.38,826514.29,Education,624.38,58,48.24,2025-08-01,0
CUST100880,597823.24,488732.34,Business,602.92,38,59.18,2025-11-16,0
CUST100881,493646.15,74572.58,Car,691.89,33,83.84,2019-04-09,0
CUST100882,156276.16,91513.28,Car,559.51,45,34.64,2025-01-04,0
CUST100883,419014.38,295637.78,Business,710.04,43,27.25,2020-07-23,0
CUST100884,315289.89,203659.43,Other,672.9,48,46.99,2020-12-27,0
CUST100885,635717.63,400852.71,Home,753.75,30,20.21,2021-09-28,0
CUST100886,326178.01,133728.93,Other,636.33,37,25.27,2023-04-20,0
CUST100887,908458.29,727618.13,Business,666.78,35,56.55,2019-10-30,0
CUST100888,1195850.64,191999.9,Car,752.94,42,32.98,2024-08-13,0
CUST100889,638956.35,170748.86,Car,769.9,46,19.6,2024-11-24,0
CUST100890,378328.41,124192.5,Home,635.79,49,17.12,2024-10-23,0
CUST100891,760892.87,226857.62,Home,691.82,53,35.83,2021-11-29,1
CUST100892,1841588.23,913552.22,Education,699.14,49,60.55,2020-09-30,0
CUST100893,1552057.44,1002346.32,Home,704.29,35,60.16,2022-02-16,0
CUST100894,299953.99,232907.76,Home,662.93,43,36.91,2024-10-21,0
CUST100895,293895.04,20000.0,Business,763.29,35,91.8,2020-07-05,0
CUST100896,255245.88,206626.47,Education,557.17,43,33.28,2021-09-03,1
CUST100897,347802.11,387124.62,Business,652.63,50,32.75,2019-04-06,0
CUST100898,746464.62,81339.46,Home,709.12,41,10.21,2022-04-06,0
CUST100899,478564.27,240022.37,Business,709.72,40,28.24,2025-05-13,0
CUST100900,409814.18,293241.11,Other,767.93,45,52.68,2025-04-25,0
CUST100901,1151110.88,595061.66,Education,757.88,42,74.15,2019-02-15,0
CUST100902,870026.42,577581.08,Other,661.44,51,23.5,2019-12-12,0
CUST100903,254521.65,161697.11,Business,764.49,44,43.69,2021-04-26,0
CUST100904,1115347.1,566400.73,Business,633.59,38,57.85,2021-12-12,0
CUST100905,858589.96,255203.77,Business,740.51,42,35.19,2022-03-17,0
CUST100906,869151.24,471058.08,Home,797.68,35,11.7,2023-04-06,0
CUST100907,474951.0,20000.0,Car,758.97,39,39.41,2019-08-21,0
CUST100908,586372.39,224869.1,Home,686.88,39,50.44,2019-02-20,0
CUST100909,219636.85,128506.4,Home,658.43,46,22.21,2020-10-26,0
CUST100910,1047136.98,496453.29,Home,580.64,42,30.98,2020-03-26,0
CUST100911,375238.76,351589.17,Other,700.19,46,20.1,2022-09-24,0
CUST100912,402673.64,211856.77,Home,300.0,43,10.19,2019-12-17,1
CUST100913,399692.16,255686.04,Other,628.45,50,57.3,2022-08-01,0
CUST100914,,1089973.53,Education,602.6,57,34.94,2020-08-05,1
CUST100915,449971.9,383470.05,Home,650.07,48,75.36,2019-09-02,0
CUST100916,,804999.12,Education,678.18,38,52.82,2020-07-03,1
CUST100917,,180632.14,Home,697.78,34,29.53,2020-12-28,0
CUST100918,411974.73,390171.36,Other,640.97,50,33.63,2020-09-30,0
CUST100919,372878.39,137149.97,Business,,34,45.93,2020-08-06,0
CUST100920,459942.52,20000.0,Home,666.47,35,55.67,2025-03-23,1
CUST100921,623917.78,398823.5,Other,628.8,45,40.86,2020-03-16,0
CUST100922,904993.51,596958.94,Business,694.71,26,59.5,2023-01-07,0
CUST100923,501662.18,229807.72,Home,840.0,40,30.35,2023-12-25,0
CUST100924,491442.97,250394.4,Business,701.79,53,21.69,2020-02-16,0
CUST100925,400349.15,247771.42,Business,656.41,27,33.93,2021-03-24,0
CUST100926,337056.03,158934.44,Home,580.72,40,38.62,2019-09-03,0
CUST100927,321900.44,203622.0,Business,665.74,44,19.66,2020-08-05,0
CUST100928,1119221.09,365907.76,Home,695.27,46,18.43,2023-09-27,0
CUST100929,485952.49,91552.17,Education,654.81,45,43.38,2025-12-22,0
CUST100930,7452066.75,4946072.11,Home,571.75,51,28.8,2021-09-08,0
CUST100931,450489.8,261407.33,Other,624.71,48,32.32,2024-05-28,0
CUST100932,546045.01,162224.99,Business,,57,29.45,2020-07-03,0
CUST100933,797166.18,295577.58,Home,773.21,42,72.62,2024-12-04,0
CUST100934,,31765.41,Car,622.37,39,64.14,2022-10-19,0
CUST100935,717935.19,508481.82,Home,723.73,47,19.33,2024-04-21,0
CUST100936,1417977.77,53219.18,Business,603.39,47,27.1,2019-07-23,0
CUST100937,414120.57,67570.26,Home,771.28,38,52.63,2019-12-17,0
CUST100938,510435.77,117156.48,Business,695.94,52,46.72,2019-11-15,0
CUST100939,924779.67,587591.6,Other,741.73,49,34.31,2025-12-11,0
CUST100940,1481018.42,641193.27,Business,568.52,36,20.27,2023-08-20,0
CUST100941,328225.78,201187.43,Home,724.05,40,25.22,2019-04-17,0
CUST100942,12997966.64,10184062.58,Car,679.5,41,27.31,2025-01-28,0
CUST100943,649783.27,67454.78,Education,735.38,40,39.98,2024-02-22,0
CUST100944,613904.92,248779.11,Education,739.47,30,79.29,2021-08-15,0
CUST100945,955338.26,761724.97,Business,684.28,44,25.17,2025-06-25,1
CUST100946,878425.02,242279.09,Education,640.95,42,21.39,2021-11-26,1
CUST100947,637970.85,261699.81,Car,730.68,43,33.22,2025-12-21,0
CUST100948,1157526.33,110339.1,Other,676.09,50,57.43,2025-05-01,0
CUST100949,,260686.12,Home,623.27,48,17.48,2023-08-19,1
CUST100950,730217.04,283480.49,Education,620.19,35,70.32,2023-07-31,0
CUST100951,333063.57,214500.74,Business,583.98,36,32.23,2020-02-06,1
CUST100952,635112.29,137675.45,Home,646.83,31,24.6,2020-08-24,0
CUST100953,291007.77,46072.91,Business,751.67,38,16.24,2019-08-06,0
CUST100954,351868.81,265405.51,Business,691.56,47,49.13,2025-07-05,0
CUST100955,1664318.27,6194167.54,Business,645.57,39,32.24,2019-07-05,0
CUST100956,238287.21,43285.01,Home,732.32,58,37.99,2025-03-06,0
CUST100957,576983.65,516019.49,Home,625.89,48,22.71,2019-10-15,0
CUST100958,1024480.24,343257.97,Car,686.2,39,30.03,2019-03-29,0
CUST100959,2205518.56,1109558.28,Home,,46,27.71,2024-12-23,0
CUST100960,716489.53,221186.65,Other,730.64,48,33.35,2025-01-14,0
CUST100961,739366.27,420036.45,Business,577.48,38,25.38,2019-06-04,1
CUST100962,664343.49,279666.91,Car,624.74,44,16.76,2019-08-08,0
CUST100963,1162643.17,404487.4,Other,573.51,52,129.67,2023-01-22,0
CUST100964,824196.79,20000.0,Business,663.13,50,18.19,2019-11-18,0
CUST100965,473747.31,73386.42,Car,758.74,41,38.19,2021-04-20,0
CUST100966,,945863.69,Car,647.15,40,14.95,2023-05-05,0
CUST100967,504096.37,506082.76,Home,646.81,33,13.42,2024-01-11,0
CUST100968,269831.99,137786.52,Other,736.66,48,36.68,2024-11-04,0
CUST100969,270303.08,20000.0,Education,749.46,39,38.06,2023-04-18,0
CUST100970,581950.2,237709.93,Other,674.24,46,64.13,2025-05-11,0
CUST100971,687901.2,502293.32,Car,724.51,43,42.4,2024-12-28,0
CUST100972,1099453.44,884966.64,Other,610.0,48,32.57,2023-10-26,0
CUST100973,924655.64,551314.02,Home,769.57,34,22.19,2020-09-16,0
CUST100974,679182.85,619316.22,Other,819.67,42,71.87,2019-12-19,0
CUST100975,1133769.42,938156.08,Other,713.88,43,54.66,2021-10-25,0
CUST100976,654569.79,505471.63,Car,544.52,42,19.24,2025-08-26,0
CUST100977,319643.09,168543.33,Business,643.72,43,35.64,2022-09-19,0
CUST100978,283531.6,24671.04,Business,719.83,38,37.51,2020-04-19,0
CUST100979,,567743.46,Other,652.6,35,29.65,2024-07-02,0
CUST100980,189065.97,147589.2,Car,762.69,53,50.7,2021-07-16,0
CUST100981,582055.03,173924.36,Education,718.23,51,52.17,2019-01-30,0
CUST100982,3350814.68,1002059.13,Other,634.08,42,31.94,2025-12-15,0
CUST100983,,580620.61,Business,682.1,39,30.59,2020-05-09,0
CUST100984,,252799.42,Car,621.9,55,71.87,2020-01-23,0
CUST100985,257370.97,63889.65,Business,668.13,39,54.77,2021-05-22,1
CUST100986,1582128.19,849868.08,Home,643.95,41,36.24,2021-04-14,0
CUST100987,1267216.06,754396.53,Business,756.36,41,16.01,2020-09-21,0
CUST100988,947295.1,625411.71,Home,817.54,42,41.28,2019-01-30,0
CUST100989,649799.93,158434.65,Car,586.97,35,48.93,2021-03-17,0
CUST100990,890318.35,633361.91,Education,554.99,37,9.33,2025-07-17,0
CUST100991,,343077.04,Car,,54,39.5,2024-01-07,0
CUST100992,380573.32,69411.15,Education,581.3,35,28.66,2022-08-03,0
CUST100993,,718840.21,Education,683.0,40,31.48,2024-05-22,0
CUST100994,632139.5,315295.45,Car,728.68,41,22.64,2024-05-14,0
CUST100995,866135.66,250317.84,Home,777.12,43,32.6,2019-09-01,0
CUST100996,608109.27,168450.4,Business,693.09,31,68.27,2019-08-09,0
CUST100997,14555301.58,5170283.14,Car,667.44,37,28.25,2022-03-25,0
CUST100998,644839.44,290144.7,Education,551.4,39,55.64,2022-11-07,0
CUST100999,,463695.29,Business,681.7,46,23.77,2023-11-07,0
CUST101000,660810.19,206503.33,Other,684.63,50,50.38,2022-09-05,0
